"","PC1","PC2"
"YAL019W",0.268808286414834,-0.212053900821372
"YAL026C",0.26778513337006,-0.175032545506525
"YAL031C",0.26607586560763,-0.1621143727736
"YAL034C",0.257882543339909,-0.150427609879091
"YAL037W",0.235788514562313,-0.146467294028758
"YAL040C",0.228791372298229,-0.129600909527689
"YAL042W",0.209382070620871,-0.123753183548695
"YAL045C",0.194679226987805,0.120895144922292
"YAL046C",0.147747426328883,-0.120228046222461
"YAL048C",0.1326675201183,-0.118668537085864
"YAL051W",0.132124953972896,-0.104441293436644
"YAL055W",0.113915952911644,-0.100676098442964
"YAL056W",0.105087378721037,-0.095150137270217
"YAL061W",-0.103560670391357,-0.0883033741412367
"YAL066W",0.10053080292613,-0.0838864358244075
"YAL067C",0.0879673471407144,-0.0830292709606936
"YAL068C",0.0859661436171597,-0.0829550306719542
"YAR002W",0.0792429795231791,-0.0825634019798398
"YAR003W",-0.0790867435021458,-0.0823589064319757
"YAR015W",0.0775611546176293,-0.0815513202588029
"YAR018C",0.0754689018529233,-0.0805673556143813
"YAR023C",0.0672544516323286,-0.0804551796750101
"YAR027W",0.0654190496225354,-0.0802190782824408
"YAR030C",-0.0620028923948593,-0.0796818632071614
"YAR035W",-0.06103696684929,-0.0794698979057863
"YAR037W",0.0607283253480714,-0.0780917079313128
"YAR042W",0.0593251711878893,-0.0775501285777037
"YAR043C",-0.0557358831040697,-0.0770760553376899
"YAR044W",0.0549147770038272,-0.0763642515958316
"YAR047C",-0.0547717595582894,-0.0754666352133497
"YBR174C",-0.054544477131341,-0.0748748038055637
"YBR175W",0.0545100751057737,-0.07434775583703
"YBR176W",0.0535845120438841,0.0724666182556808
"YBR177C",-0.0535271403129152,-0.0720550047727503
"YBR178W",-0.0533449952725657,-0.0716759212879243
"YBR179C",-0.0531002864888938,-0.0714646194095743
"YBR180W",0.0520796269251182,-0.0713211301220065
"YBR184W",-0.0519686342431982,-0.0709845975952543
"YBR185C",0.0511961738085783,-0.0709360786304672
"YBR186W",-0.050838007732605,-0.0705278063524915
"YBR187W",-0.0501561035836651,-0.0688944644563822
"YBR195C",0.0496639640166976,-0.0684517645528243
"YBR200W",0.0496320526902485,-0.0681285291970705
"YBR201W",0.0491521013617343,-0.0663017901164962
"YBR204C",-0.0486327732841408,-0.0655608256426323
"YBR205W",0.0481860496332059,-0.0655438615644059
"YBR206W",0.048176609501749,-0.0654991858051203
"YBR207W",-0.0480874520332045,-0.0653462199074609
"YBR209W",-0.0479338981468876,-0.0652286814637985
"YBR210W",-0.0476971552518071,0.0651892335719885
"YBR212W",-0.0470947582411301,-0.0643173934492982
"YBR215W",-0.0470367736027065,-0.0638372315080318
"YBR216C",0.0468959319093681,-0.0633581543660144
"YBR218C",-0.0467593242960156,-0.0625870471066291
"YBR219C",-0.0467536763175662,0.0619463520421487
"YBR220C",0.0466203175440393,-0.061228881857668
"YBR221C",-0.0462817335568845,-0.0611433977428713
"YBR223C",-0.0461720926272573,-0.0606967312702616
"YBR224W",0.0456910071575961,-0.0606595254061671
"YBR225W",0.0451558326959108,-0.0593155741082052
"YBR227C",-0.0450096433013277,-0.0592902064652033
"YBR228W",0.0448869968876377,-0.0590673845364655
"YBR230C",-0.0447833068769338,-0.0582433197332958
"YBR231C",-0.0441847501549545,-0.057757532105924
"YBR233W",0.0437640768834754,-0.0571567910529079
"YBR238C",-0.0432809920401522,0.0568256543674262
"YBR241C",-0.0430819461208729,-0.0564022739097579
"YBR245C",-0.0428750180995794,-0.0563093469596018
"YBR246W",-0.0426738989454448,-0.056298821078391
"YBR248C",-0.042616149033763,0.0560440841143498
"YBR249C",-0.0425681110057674,-0.0560380664521619
"YBR250W",-0.0425650496831664,0.0559601780646272
"YBR251W",-0.0425641508928991,-0.0555877334866731
"YBR255W",-0.042502796071762,-0.0555354619857426
"YBR258C",-0.042488744893891,0.0552917575471471
"YBR259W",-0.042269855807444,-0.0551122593338733
"YBR261C",0.0420991173550466,-0.0544145547265267
"YBR263W",0.0420958848652079,-0.0544131963909518
"YBR264C",0.0416288905359571,-0.0543826664096567
"YBR267W",-0.0414819477471227,-0.0540774280296805
"YBR268W",-0.0412559154868765,0.0539078854204831
"YCL001W",-0.0412282818690518,-0.0534435857996814
"YCL002C",-0.0409253254998795,-0.0533569780208136
"YCL005W",0.0409132673876905,0.0533457817231818
"YCL008C",0.0409115919851424,0.0526182306063814
"YCL009C",-0.0407886461281534,-0.0525300832566535
"YCL010C",0.0407425756108561,-0.0520073884240268
"YCL012W",0.0406548977659465,0.0515316786157706
"YCL013W",-0.0404881248925256,-0.0512822219589364
"YCL014W",-0.0402673779044291,-0.0512268293009625
"YCL016C",0.0390257007175882,0.0507647924001518
"YCL024W",-0.0387287339995459,0.0507630072428977
"YCL025C",-0.038303430698071,-0.0506910163647718
"YCL026C",-0.0380549631392145,-0.0505465250689283
"YCL027W",-0.037937768760111,0.0499099040635188
"YCL028W",0.0377057434902649,0.0497203142190952
"YCL032W",-0.037518685338082,-0.0494434618340132
"YCL034W",-0.0373372524490811,0.0493535207352521
"YCL036W",-0.0371573898152691,0.0490007399796343
"YCL037C",0.0370611399734975,0.0488599754993867
"YCL039W",0.0369614069942126,-0.0481163844485093
"YCL040W",-0.0368120020270327,-0.0480114102104722
"YCL042W",-0.03668075492363,-0.0469960663678978
"YCL044C",0.0366705900854799,0.0468851252333009
"YCL045C",-0.0365458802583582,-0.0468476025761809
"YCL047C",-0.0365106194441098,-0.0464049409324038
"YCL048W",-0.0364875577919381,-0.0463618205552582
"YCL049C",-0.036486560288202,-0.0463523963737153
"YCL050C",0.036399377320527,-0.0462708917662837
"YCL051W",-0.0361852546119495,-0.0462477904007455
"YCL056C",-0.0361689267774427,0.0458422771441864
"YCL057W",-0.0361486651450399,0.0454173051716309
"YCL060C",0.0355522899841283,-0.0450423351947023
"YCL061C",-0.035408879029939,-0.044340510135828
"YCL064C",-0.0352123713862436,0.0441984736312209
"YCR001W",0.0350060535047542,-0.0440172885273397
"YCR002C",-0.0346243038878017,0.0439898578749462
"YCR004C",-0.0341663147238434,0.0439892080281499
"YCR009C",-0.0341651453641496,-0.0438520351727602
"YCR010C",0.0341450714820454,0.0434793069157316
"YCR011C",-0.0339714484323029,-0.0432765735279976
"YCR015C",0.0339697594398511,-0.0429240458056093
"YCR016W",0.0339532031174973,0.0427733046922597
"YCR019W",-0.0339211745873726,-0.0423602799016118
"YCR020C",0.0338806176547542,0.0418945854411156
"YCR020C-A",0.0336929735275749,0.0418792025068122
"YCR021C",-0.0336235390671039,-0.0418353437893159
"YDL227C",-0.0335624606769531,0.041793674120741
"YDR049W",-0.0335597688419867,0.0417741976311726
"YDR051C",-0.0334360825931524,0.0415514114531903
"YDR055W",-0.0330380901045041,-0.0410185619810901
"YDR056C",-0.0328607743063893,-0.040896190774033
"YDR059C",-0.0326166430827705,-0.0408704610922165
"YDR065W",-0.0324397531400463,0.0406336358504565
"YDR066C",-0.0324282465154272,-0.0406257201625439
"YDR069C",0.0324024416357789,-0.0405754136598449
"YDR070C",-0.0322950028935662,-0.0403886458209788
"YDR072C",0.0321081373488788,0.0402981730438755
"YDR076W",-0.0318977582570692,-0.0402447064428039
"YDR077W",-0.0317363170580767,-0.040111574112088
"YDR078C",0.0313812915935225,-0.0398062852548531
"YDR080W",-0.0312869917928926,-0.0397410092897437
"YDR084C",-0.0312102980551926,-0.0397297146728089
"YDR085C",-0.0311377976214637,0.0394381701863879
"YDR090C",-0.030965053017523,-0.0393155661223364
"YDR092W",-0.0309489330998593,-0.039194491292224
"YDR093W",-0.0308018164851798,0.039085753994575
"YDR094W",-0.0307432139717918,0.0390418410832863
"YDR096W",-0.0304392726558685,0.0388659700447524
"YDR098C",0.0302070784235087,-0.0388275232415954
"YDR101C",-0.0301090378323026,-0.0387814663537964
"YDR104C",-0.0300753176935156,0.0387540614249824
"YDR107C",-0.0300306299543147,-0.0385446098617031
"YDR109C",-0.0299729974184419,-0.0384932015862162
"YDR110W",0.0298973500380678,0.0382848233581416
"YDR112W",-0.0296729542312107,-0.0381350045631993
"YDR115W",-0.029661607288643,-0.0381329211429565
"YDR117C",-0.0295873229971685,0.0379431418570875
"YDR120C",-0.0295529882410189,-0.0378728681158028
"YDR125C",-0.0293672860336023,-0.0378580861027074
"YDR126W",0.029346265642673,-0.0375492020371975
"YDR127W",0.0291337600784099,-0.0374205388787032
"YDR130C",-0.0288880752932275,-0.0372524268447097
"YDR131C",0.0285332540358035,0.037216059705382
"YDR133C",-0.0284749855374736,0.0369034315876346
"YDR136C",-0.028421682139565,-0.0368811845552747
"YDR137W",-0.0283347456186695,0.0367576858137615
"YDR139C",-0.028313728468406,0.0366049307530815
"YDR140W",-0.0282500470965245,0.0363621574703666
"YDR142C",-0.0281385973806417,-0.036202900633464
"YDR143C",-0.0280837946337864,0.0360817871280793
"YDR144C",-0.0278465773093816,-0.0360502192803627
"YDR146C",0.0278361163530529,-0.036001321213274
"YDR148C",-0.0278059669955732,0.0359269828192167
"YDR149C",-0.0277165727427695,0.0358397518151678
"YDR150W",-0.0276964705421298,0.0356793090238227
"YDR152W",-0.0275771453291269,0.0352501174282556
"YDR153C",-0.0275710253348649,-0.035244698983993
"YDR154C",0.027496198631111,-0.0352032618653191
"YDR155C",-0.0274259835803968,0.0349673252850926
"YDR156W",-0.0272606675951045,-0.03490144899126
"YDR157W",-0.0272185704457022,-0.0347566247074217
"YDR169C",-0.0271361740945043,-0.0347455010701022
"YDR171W",0.0270918784626808,0.0345396571371846
"YDR178W",0.0270458585911619,0.034515098695531
"YDR186C",-0.0269905910412864,-0.0344156083194482
"YDR192C",0.0268836789271393,0.03422967535515
"YDR193W",-0.0267642668252804,0.0340234480685531
"YDR194C",-0.0266479454332775,-0.0339644488449738
"YDR197W",0.0266210038042907,0.0338019370117791
"YDR200C",-0.0263843288618626,0.0337842604241696
"YDR210W",0.0262229527358178,0.0337426922966476
"YDR213W",0.0261929930074833,0.0337365755224549
"YDR214W",0.0261925381229607,-0.0336931057688273
"YDR215C",0.0260137476883182,-0.0335752927916453
"YDR216W",-0.0258983709826132,0.0333957222068876
"YDR217C",-0.0256772974366882,-0.0333097231665164
"YDR218C",-0.025625782880607,0.0332092411334329
"YDR219C",0.0255495003536879,-0.0330452911182061
"YDR220C",-0.0252439513595532,0.0329842620970861
"YDR221W",-0.0252386367897152,0.0329019004402839
"YDR225W",0.0252374221659341,-0.0328929996844014
"YDR227W",-0.0251085075954268,0.032595473155355
"YDR231C",-0.0249863481536503,-0.0325004535412211
"YDR338C",-0.0249183192260636,-0.0322668421151858
"YDR340W",-0.0248953671294369,-0.0322611907677316
"YDR346C",0.0248776523833419,-0.0322045127756219
"YDR349C",0.0247875017952287,-0.0320634039956477
"YDR354W",-0.0246497771032088,0.0317450909692738
"YDR357C",-0.024588666841165,-0.0316749149004284
"YDR358W",0.0244574607436024,-0.0316255545504234
"YDR359C",-0.0242229950106325,0.0315506579945888
"YDR360W",-0.0241079701338682,0.0315058273537521
"YDR363W",-0.0240811429665473,-0.031474738291838
"YDR370C",0.0240517256526655,0.0314299788676783
"YDR371W",-0.0240338712976651,-0.0312901734696255
"YDR375C",0.0240269177753588,-0.0312868108572155
"YDR378C",0.0239341578122072,0.0312724936618184
"YDR380W",-0.0238397240073669,0.0312507001795045
"YDR385W",-0.023783515691597,0.0312477996082478
"YDR386W",0.0237706870205772,-0.0311440264999894
"YDR387C",0.0237245135360259,0.031049880057712
"YDR388W",-0.0235501116036706,0.0310028850872701
"YDR395W",-0.0232322568738451,0.0309907421648735
"YDR399W",-0.0231682495191333,0.0309245561931683
"YDR400W",0.0231069307061211,0.03090289106723
"YDR401W",0.0226500877314712,0.0307575127047908
"YDR402C",-0.0225157221558382,0.0307266816647304
"YDR403W",-0.0224746246110498,0.030704019429342
"YDR405W",-0.0224536228467147,-0.0306709905783643
"YDR406W",0.0224359091874153,0.0305605973758012
"YDR408C",-0.022386360778653,-0.030414549980745
"YDR410C",0.0222582066072919,0.0303811529471983
"YDR411C",-0.0222350205500421,-0.0301634478822641
"YDR419W",-0.0220553048992933,0.0301147014569594
"YDR423C",0.0219567870058223,-0.0301080604939513
"YDR430C",-0.0219128980753556,-0.0301009341181938
"YDR432W",-0.0219073199192444,-0.0299373567847538
"YDR435C",-0.0217779173368647,-0.0298589928774271
"YDR436W",-0.021776044802104,0.0297999486133168
"YEL003W",0.0217428784832562,0.0296610685354188
"YEL005C",-0.0217399318188666,-0.0295967403884131
"YEL006W",0.0217067933029285,-0.029576538356536
"YEL008W",-0.0216825405412289,-0.0295628258488515
"YEL009C",0.0214783639328998,-0.0293837345920942
"YEL013W",0.0211167106315665,0.0292947121097159
"YEL015W",-0.0210852667943769,0.0291371847725844
"YEL017C-A",0.0210220261025153,0.0291085138495051
"YEL024W",0.0206813511042454,0.0291081979404284
"YEL028W",-0.0205879435370815,-0.0289466798677396
"YEL037C",0.0204838382020672,0.0288817674869916
"YEL038W",-0.020477636111831,-0.0286141486862874
"YEL040W",0.0204345833603665,0.0285120015290641
"YEL042W",-0.0204293555765007,-0.0284416815218583
"YEL043W",-0.020398663205138,0.0283693285945078
"YEL045C",0.020280844648196,-0.0283060940545748
"YEL047C",-0.0202717122775678,-0.0282813090655809
"YEL048C",0.0201985869060637,0.0281292249964843
"YEL052W",-0.020196962177907,-0.0281075073197806
"YEL053C",0.0201794375235341,-0.0280723307447579
"YEL054C",-0.02016528003439,0.02806085424259
"YEL059W",0.0201573589472117,0.0277737959077844
"YEL060C",-0.0200944039544719,0.0277231030011795
"YEL062W",0.0200208111419011,0.0276626642988943
"YEL063C",0.0200164029374962,-0.0273694629422507
"YEL064C",0.019992316277344,-0.0272485049185883
"YEL065W",0.0199747750792131,-0.0272430479503573
"YEL068C",-0.0199569901389039,-0.0272103825519394
"YEL071W",-0.0199451504266241,-0.027185872715856
"YEL072W",-0.0199147381041827,-0.027149201542587
"YER004W",0.0198597766373383,0.0269834816962916
"YER005W",0.0197977728183074,0.0269778166998705
"YER007W",-0.0196895869255116,0.026972709029842
"YER010C",-0.0196529829828858,0.0269412298040191
"YER017C",0.0195402725296619,0.0268788497622858
"YER020W",-0.0195371398804737,0.0268318463823219
"YER024W",0.0195210292949051,0.0268203779612183
"YER032W",0.0194223243372585,0.0267753071440196
"YER033C",-0.0193699082210271,0.0267091295017511
"YER034W",-0.0193485472069535,0.0266910279985591
"YER038W-A",-0.0193215387543876,-0.0266899334909032
"YER040W",-0.0193141146939505,-0.0266792126317568
"YER042W",-0.0193081640837153,-0.0266027409702608
"YER044C-A",-0.0192775114726721,0.0265904073266768
"YER046W-A",-0.0191746907821944,0.0265153685676609
"YER048C",-0.0191271586350899,-0.0264741332457679
"YER053C",0.0190890446722022,0.0263819076111389
"YER056C",-0.0189738482862964,-0.0263563193951731
"YER060W",-0.0188669114557166,0.0263354082945835
"YER060W-A",-0.0188123815823403,0.0262579441023022
"YER061C",0.0187580537950181,-0.0261331581796483
"YER062C",-0.018751264478445,-0.0260893592670428
"YER065C",-0.0186277501370839,-0.0260315477736583
"YER066C-A",-0.0184462392539182,0.02597040356542
"YER067C-A",-0.0183584409623023,0.0258746194060955
"YER074W",-0.0183482622810734,-0.025857016837413
"YER075C",-0.0182209498356433,0.0258073086451724
"YER083C",0.0181947827299731,0.0257134525905517
"YER084W",0.0181650245907685,0.0256613689808073
"YER085C",0.0181355519235954,0.0256268852925587
"YER086W",0.018104028473666,0.0256118287376114
"YGL208W",0.0180895564401124,-0.0255492773688306
"YGL210W",0.018081542745878,0.0255339850145478
"YGL212W",-0.0180793915180163,-0.0254290278835359
"YGL214W",-0.0179130062952269,0.0253705064781262
"YGL215W",0.0178835361261716,0.0253465878922741
"YGL220W",0.0178208896924222,0.0253418125803611
"YGL222C",0.0177624013791557,-0.025305059247928
"YGL224C",-0.0177547002976825,0.025195613760654
"YGL226C-A",0.0177268131681947,-0.0251842218647947
"YGL228W",0.0177122351127332,0.0250880458563527
"YGL230C",0.0176509154954678,0.0250678147110715
"YGL231C",0.0176368321852278,-0.0249941070681441
"YGL234W",0.0176168269856555,-0.0249896729057056
"YGL235W",0.0175294579138165,-0.0249591574307198
"YGL241W",-0.0175203614944748,0.0248427084383802
"YGL242C",0.0174487143543611,-0.0246466413664126
"YGL246C",-0.0174472082543531,-0.0245849150952292
"YGL251C",-0.0173581159103824,0.0245739314826
"YGL255W",-0.0173201901009341,0.0245122245476875
"YGL258W",0.0172510867592434,-0.0244448904988894
"YGL259W",-0.0171865844982249,-0.0243691842563253
"YGR001C",0.0170769272784967,0.0242702459406112
"YGR006W",0.0169348087788944,-0.0242224348566068
"YGR010W",-0.0168938071459593,0.0241495950351051
"YGR012W",0.0168817656419208,-0.024121624381372
"YGR014W",0.0168310067529995,-0.0240847073735006
"YGR020C",0.0166417473024442,-0.0240547591549624
"YGR023W",0.0165903252508393,-0.0239981474601235
"YGR025W",0.0165857412490899,0.023984825764612
"YGR031W",-0.0165388528757665,-0.0239531837160918
"YGR037C",-0.0164783851884275,0.0238837427380095
"YGR039W",-0.0164550339610803,0.0238247613578461
"YGR041W",-0.0164129009920779,-0.0237144147840434
"YGR045C",-0.0163164054643614,0.0236743786226193
"YGR052W",-0.0162935226148386,0.0236641470905491
"YGR058W",-0.0162849239384125,-0.0236568872863703
"YGR059W",-0.0160974989154946,0.0235810502049713
"YGR061C",-0.0160660406676013,-0.023544579436941
"YGR064W",-0.0160637143257765,-0.0233242368196723
"YGR070W",0.0160150040283447,-0.0232759356191146
"YGR071C",0.0160057986017884,0.0232408692673116
"YGR079W",-0.0159684062412102,-0.0232337463085797
"YGR080W",0.0159591259930114,0.0232228750934557
"YGR081C",-0.0159436542799272,-0.0229877883982621
"YGR087C",0.0159073615773074,-0.0229199910370326
"YGR101W",0.0158780459875314,0.0228770183164328
"YGR104C",-0.015804232573437,-0.0227252330554472
"YGR105W",-0.0157461120426027,-0.0226503073103521
"YGR107W",-0.015745929288402,-0.0226068363331465
"YGR109C",0.015699280552185,-0.0224845927007031
"YGR118W",0.0156827166984842,-0.0223529900423408
"YGR122W",-0.015549827833557,0.02233945806937
"YGR124W",0.0155388630308295,0.022273537160431
"YGR125W",0.0155130927446257,-0.0222266210475248
"YGR126W",-0.0155129051861987,-0.0222188058543738
"YGR127W",0.0155095950671431,0.0220415331259582
"YGR129W",0.0154947323706248,0.0220099900810311
"YGR133W",0.0154699421292674,0.0218961624614507
"YGR136W",-0.0154668818658843,-0.0218542646978502
"YGR138C",-0.0154296317878231,0.0217372720624402
"YGR139W",-0.0154194786526231,-0.02171514013554
"YGR141W",-0.0154135710823641,-0.0217088803759607
"YGR144W",-0.0153954819584136,-0.0216560632563479
"YGR149W",-0.0153753788949775,-0.0216489502889022
"YGR150C",0.0153704868559775,-0.0216168514281054
"YGR151C",0.015361413013634,-0.0216155680343465
"YGR152C",0.0153533356609219,-0.0216080772982743
"YGR153W",-0.0153512625759991,0.0215872405404303
"YGR154C",-0.0152904430824758,-0.0214932722522871
"YGR157W",0.0152193743719829,-0.0214540140203865
"YGR163W",0.0152115528496823,-0.0214379343904123
"YGR164W",-0.0151779834362563,-0.0214306757324874
"YGR166W",0.0150884628987755,-0.0213773482186964
"YGR170W",-0.0150795721416051,0.0212891880089143
"YGR173W",0.0149577170256828,0.0212243823747414
"YGR177C",-0.0149511478914256,0.0209863915970519
"YGR180C",0.0149189391780476,0.0209031856394024
"YGR183C",0.014905117786694,0.0208541211082792
"YGR189C",0.0147849067666218,0.020834612894836
"YGR192C",-0.0147787559250744,0.0207555999985276
"YGR193C",-0.014746915736799,0.0206979861002968
"YGR194C",-0.0147433068409792,0.0206851987371847
"YGR199W",-0.0147339693221005,0.020612142852051
"YGR207C",0.0147165079583945,-0.0205378696881936
"YGR209C",0.0146867573362974,0.0205346202707613
"YGR212W",0.0146444549072162,-0.0205230848665637
"YGR213C",0.0146377461395787,0.0204292663245004
"YGR215W",-0.0146237203917678,-0.0204144174937127
"YGR217W",-0.0145379031795245,-0.0203035945349922
"YHL003C",-0.0144700907396493,0.0202473275249551
"YHL005C",-0.0144417988530858,0.020228469720401
"YHL006C",-0.0144303630074591,-0.0201895825025158
"YHL007C",-0.0142990606891565,0.0201449309825818
"YHL008C",-0.0142979114780666,-0.0200809841210197
"YHL010C",-0.0142591912726894,-0.0199809779463226
"YHL014C",-0.0142447806923017,0.0199807970068241
"YHL016C",0.0142057633429835,-0.0198880017256639
"YHL017W",-0.0142013522739769,-0.0198665528379713
"YHL020C",-0.0141834486010067,-0.0198559657308247
"YHL021C",0.0141713192713496,-0.0198557315865009
"YHL022C",0.0141692409687467,-0.0198484111381578
"YHL023C",0.0141309736095463,0.0198128134331004
"YHL029C",-0.0141209118455029,-0.0197702184545206
"YHL031C",0.0141014913777563,0.0196909208353158
"YHL033C",0.0140581697722024,0.0196606321811112
"YHL034C",0.0140232085590177,0.0196105958273076
"YHL036W",-0.0139916429305936,0.0195886160985462
"YHL041W",0.0139909802225879,-0.0195050801469701
"YHL045W",0.0139606056802576,0.0194740175655551
"YHR015W",0.0137930265134922,0.0193958619707482
"YHR029C",-0.0137559042219866,-0.0193482790409214
"YHR030C",0.0137350910661457,0.0193121813433935
"YHR031C",-0.0137332971034102,0.0192639879171816
"YHR034C",0.013693517938925,0.0192532504328537
"YHR035W",-0.0136351191209345,0.0191595008513432
"YHR037W",-0.0135815717020066,0.019148835804486
"YHR039C",0.0135035648672061,0.019117316686583
"YHR044C",-0.0134868186112039,-0.0189767622852967
"YHR047C",0.0134862796780211,0.018899843427054
"YHR048W",-0.0134607842920689,0.0188765597618724
"YHR049C-A",-0.0134500669835361,-0.0188699656687052
"YHR050W",0.0134293003473001,-0.0188688009032054
"YHR061C",-0.013422784341087,0.018865362457091
"YHR066W",-0.0134185183616567,0.0188648229573278
"YHR075C",0.0134169313910769,0.0188309549523821
"YHR076W",-0.0132899691286746,0.0187316232103295
"YHR079C",0.0132584230943675,-0.0186567982756152
"YHR080C",-0.0132529940923768,0.0186211690748003
"YHR081W",0.01324902805779,-0.0186165334584301
"YHR082C",-0.0131077918400089,-0.0186163308120449
"YHR086W",0.0130814594450918,0.0185705708496653
"YHR087W",0.0130804262856149,0.0185342210736061
"YHR091C",0.0130524760117396,0.0184636681461749
"YHR093W",-0.0129731579264223,0.0184586420188343
"YHR094C",0.0129630041175993,0.0184347802561823
"YHR095W",0.0129505764763794,-0.0184191763429558
"YHR097C",-0.0129410806078921,0.018374797758282
"YHR104W",0.0129322997581419,0.0183055910592028
"YHR105W",0.0128977814870931,0.0182694712025761
"YHR108W",0.0128959671322941,-0.0182019354601273
"YHR111W",-0.0128363220285307,0.0181711127796771
"YHR114W",-0.0128206197689444,0.0181640216688612
"YHR115C",0.0128114960281046,-0.0180771024931118
"YHR116W",-0.0128075866893418,0.0180242844030549
"YHR117W",0.0128058784801675,0.018023150527281
"YHR121W",-0.0127800025195645,-0.0180222038505658
"YHR123W",-0.0127607901111816,0.0180155668901374
"YHR130C",-0.0127487185749524,-0.0179849916917639
"YHR133C",0.0127351178169774,0.0179601724822174
"YHR137W",-0.0127238868547894,0.0179559743100414
"YHR138C",-0.012702067932716,0.0179055526596796
"YHR139C",0.012686217508393,0.0178510297618591
"YHR142W",0.0125657041187103,-0.0177835934006643
"YHR143W",0.0125355058665126,-0.0177570615069119
"YHR147C",-0.0124792392218,-0.0177558453964796
"YHR150W",-0.0124792038370437,0.0177464128183973
"YHR151C",-0.0124703040485705,0.0177422701537975
"YHR152W",0.0124202798335035,0.0176993150356497
"YHR155W",0.0123375712666507,0.0176475765833358
"YHR156C",-0.0122933793538641,0.0176313040031945
"YHR161C",-0.0122791404992281,-0.0176271545597668
"YHR163W",0.0122592931918547,-0.0175910391875026
"YHR167W",-0.0122176459032607,-0.0175909023081071
"YHR176W",-0.012154554720716,-0.0175485385794196
"YHR178W",-0.0121408840530994,0.0175146771451089
"YHR179W",-0.0121246973631673,-0.0175117371303063
"YHR182W",0.0121171915309054,-0.0174965502065799
"YHR184W",0.0121103290685802,-0.0174624887680487
"YHR195W",-0.0120771374513458,0.0174194142979798
"YHR199C",-0.012003580805468,-0.0174083554494046
"YHR200W",-0.0119851125681001,-0.0173951494603922
"YHR204W",0.0119712225295115,-0.0173816672874485
"YHR206W",0.0118471644616568,0.0172822516151383
"YHR209W",-0.0118408449369447,-0.0172206736301727
"YHR210C",-0.0118323216777057,0.0171894152418437
"YJL131C",0.0118294693155329,0.0171701169482237
"YJL140W",-0.011763023092743,0.0171700856085475
"YJL146W",-0.0117178628569682,0.0171340112231097
"YJL149W",0.0116944858385488,-0.0169918889894635
"YJL151C",-0.0116799673304145,0.0169734515842787
"YJL153C",0.0116492304034279,-0.0169055317838516
"YJL157C",0.0116245962462676,-0.0168720746256298
"YJL159W",-0.0116234200856188,0.0167870050852182
"YJL162C",-0.011609221471166,-0.0167689003622971
"YJL164C",0.0115797469654204,0.0167605910681107
"YJL166W",-0.0115558395739386,0.0167409538898778
"YJL171C",-0.0115553720926339,0.016734238551124
"YJL172W",-0.0115513832535687,0.0166750843908293
"YJL178C",0.0115413924878512,-0.016667762978877
"YJL181W",-0.01152657787773,0.0166657494594581
"YJL185C",0.0115177684030991,0.0165960216158279
"YJL187C",-0.011516701907676,0.0165231943484991
"YJL190C",0.0115122714756193,-0.016495900616648
"YJL192C",-0.0115095175434959,-0.0164777745848873
"YJL193W",-0.0114575860716854,-0.0164325333553651
"YJL196C",0.0114360251687826,-0.0164049159551777
"YJL198W",-0.0114065956214717,-0.0164037194130754
"YJL200C",0.0113802398770315,0.0163908774013145
"YJL206C",-0.0113703617774765,-0.0163448655995916
"YJL206C-A",0.0113637093413599,-0.0163011085451837
"YJL210W",0.0113298340343555,0.0162965908536607
"YJL212C",0.0113208663214649,-0.0162779599438341
"YJL214W",0.0113074104067529,-0.0162774107494278
"YJL215C",-0.0112906372875257,0.0162450555979206
"YJL217W",0.011285618553353,-0.0162406460531344
"YKL011C",-0.0112738344303332,0.0161974411710972
"YKL016C",0.0112677832276624,0.0161690505169833
"YKL017C",0.0112558650314048,0.0161317652655647
"YKL020C",0.0111907278542417,0.0160993751353002
"YKL025C",0.011174483295193,0.0159576201707149
"YKL029C",-0.0111628860998125,-0.0159406625451843
"YKL031W",-0.0111420466994371,-0.0159214945175979
"YKL034W",-0.0111395030037774,0.0159006397946315
"YKL039W",-0.0110924188418027,0.0158458925190398
"YKL043W",-0.0110863420261043,-0.0158278780581463
"YKL044W",-0.011084160403306,-0.0158271679488153
"YKL048C",-0.0110692675984292,0.0157901642183591
"YKL050C",0.0110532219038652,-0.0157537679873026
"YKL051W",0.0109983220607904,-0.015740987212417
"YKL054C",0.0109423748404509,0.0157209916764068
"YKL062W",0.0109361521704747,0.0156924140938186
"YKL066W",0.0108801279137846,-0.0156811651480441
"YKL068W",0.0108670719717775,0.0156806032231994
"YKL070W",0.0108655402161038,0.0156486147953989
"YKL072W",-0.0107991306312928,0.0155757300467152
"YKL073W",-0.0107902371531936,-0.0155510564762852
"YKL074C",0.0107875470400594,0.0155150592132512
"YKL076C",0.0107762825859674,0.0154626115992923
"YKL079W",0.0107385259051537,-0.0154334859319547
"YKL081W",-0.0107165566063286,-0.0154087324626914
"YKL085W",-0.0106702260496655,0.0154078087342198
"YKL086W",-0.01065140648571,-0.0153802924797614
"YKL087C",-0.010646149799664,0.0153772236422115
"YKL090W",0.0105955518845319,-0.0153645933718673
"YKL101W",0.0105827499958196,0.0152893238627467
"YKL103C",0.0105799801474389,0.0152347029830691
"YKL105C",0.0105799154469388,-0.0152080116803181
"YKL113C",0.0105770447168052,0.0151324835176608
"YKL117W",0.0105758518371001,-0.0150746363635886
"YKL118W",-0.0105709908859705,0.0150691755603775
"YKL119C",0.0105571110396524,0.0150076383292846
"YKL120W",-0.0105242660455647,0.0149710463360093
"YKL121W",0.0105228608098917,0.0149365369076011
"YKL123W",-0.0105175722682769,0.0149190686069748
"YKL126W",0.0104793710434346,0.0149048734408782
"YKL128C",-0.0104527050821153,-0.0148734457619256
"YKL129C",-0.0104512054168951,0.0147939569358617
"YKL131W",0.0104196267406977,-0.0147399169472784
"YKL134C",0.0104034741751508,-0.0147321393342872
"YKL138C",0.0103956806766101,0.0146923790333085
"YKL146W",-0.0103377592159254,-0.0146831288406902
"YKL149C",0.0102907043010053,-0.0146761720017149
"YKL156W",-0.0102891551131035,-0.0146741964918231
"YKL157W",-0.0102315047833318,0.0146438579086787
"YKL159C",-0.0102230069065166,0.014642875458812
"YKL160W",0.010170129776863,0.0146377163102295
"YKL161C",0.0101487073340874,0.0145811275899689
"YKL162C",-0.0101297886472788,-0.0145486035601649
"YKL163W",0.0101233676217613,-0.0145237805420854
"YKL164C",-0.010111780946837,-0.0145043071688909
"YKL168C",-0.0100972726764307,-0.0144678183801339
"YKL170W",0.0100958413910787,0.014456931255811
"YKL171W",-0.0100379738023728,0.0144044784565668
"YKL175W",-0.010000603847941,0.014380066039778
"YKL176C",0.00990122635823196,-0.0143607284707722
"YKL177W",0.00988016006301144,0.0143583530723069
"YKL183W",-0.0098708381117715,0.0143335099702576
"YKL184W",-0.00986183664201829,-0.0143115080669423
"YKL185W",0.00985093274058955,0.0143026835437265
"YKL187C",0.00984878508319368,-0.0142995076916783
"YLL012W",-0.00981029845551487,0.0142773364738091
"YLL013C",0.00979053650992298,0.0142764392293414
"YLL015W",0.0097806581407436,0.014252837603442
"YLL016W",0.00977863906790076,-0.0142386870165711
"YLL017W",-0.00974166404223785,0.0142369160246424
"YLL021W",0.00973837479523713,0.0142348280322954
"YLL024C",0.00973562697463953,-0.0142129197294743
"YLL025W",0.00971795338977326,-0.0141908998875035
"YLL038C",-0.00969950695175375,-0.0141772342456747
"YLR128W",0.00968424404410513,-0.0140768227612197
"YLR133W",0.0096600083344532,-0.0140638722037516
"YLR134W",-0.00958664072910831,0.0140413372031358
"YLR138W",-0.00957652028186251,0.0139581345403127
"YLR143W",0.00955075553248762,0.0139307453002337
"YLR144C",0.00952464112180526,-0.0138841493823899
"YLR150W",0.00950293067818624,0.0138771497143641
"YLR151C",0.00948449747091873,0.0138485884427032
"YLR154C",-0.00943908315974127,-0.013848029028845
"YLR165C",0.00943414403413818,0.0137644250870522
"YLR168C",0.00943226650284822,0.0137611438647998
"YLR169W",-0.00940779001997466,-0.0137605146641367
"YLR172C",0.00937993787892932,-0.0136436618002899
"YLR174W",0.00936079544916264,0.0136287626073237
"YLR176C",-0.00928699026900911,0.0136192070967324
"YLR181C",0.00928154605036702,0.0135995436194283
"YLR182W",-0.00927806086632852,0.0135830167244846
"YLR183C",-0.00925978494855568,0.0135615817485525
"YLR185W",0.00924672560216877,-0.0135527013462827
"YLR187W",0.00922856767595364,-0.0135448196877247
"YLR190W",0.00921575855682151,0.0135176664262345
"YLR193C",0.00921544520106512,0.0135110151672742
"YLR201C",0.00921225851549639,0.01351067805238
"YLR205C",-0.00921013542584481,-0.0134877982758782
"YLR207W",0.00920050613524904,0.0134479711311699
"YLR209C",0.00916086859324867,-0.0134270205637486
"YLR210W",-0.00913661742905709,-0.0134247132883781
"YLR211C",-0.00908966295047116,0.0133740858699434
"YLR217W",0.0090688271471695,0.0133237939985954
"YLR218C",0.00905929473108853,-0.0133230374624202
"YLR221C",-0.00905247996410577,0.0133205862112312
"YLR232W",0.00903941431436149,0.0133061847354147
"YLR234W",0.00902939115469843,0.0132888089863652
"YLR235C",0.00902598954550071,0.0132709229691666
"YLR236C",0.0090147841114925,0.0132691234625562
"YLR241W",-0.00900154132174732,0.0132037580680455
"YLR247C",-0.00899333643241386,-0.0131965361219554
"YLR248W",-0.00899250275168256,-0.0131794125667737
"YLR250W",0.00898438795017932,-0.0131186805233872
"YLR253W",0.00896988089536187,0.0131103291373136
"YLR255C",0.00896603778951455,0.0130772820478485
"YLR257W",-0.0089458949155406,-0.0130716576991625
"YLR261C",0.00891368646551122,0.0130570836424572
"YLR262C",0.00890281788381902,0.0130491282120792
"YLR267W",-0.00889030206852582,0.0130281858034188
"YLR269C",0.00886028502529838,0.0129451200092283
"YLR270W",0.0088576124696597,0.0129432958101687
"YLR273C",0.00882573331427307,0.0129422980103655
"YLR278C",0.00882392493707486,-0.0129281017797709
"YLR280C",-0.00881639157308493,-0.012914654868646
"YLR281C",-0.00880907155308186,0.0129102212375703
"YLR282C",-0.00879863911351999,-0.01290795668562
"YLR285W",0.00875524620029937,0.0128806336941161
"YLR287-A",-0.00868977740211964,-0.0128745528814472
"YLR287C",0.00868256176222635,0.0128576717547192
"YLR288C",0.00867167234263054,-0.0128570135557082
"YLR294C",0.0086413959948913,-0.0128230953781168
"YLR297W",0.00863827231353922,0.0127721999514365
"YLR303W",-0.0086070640399715,-0.0127690152563817
"YLR307W",-0.00860401968001338,0.0127687671454965
"YLR308W",0.00858696065968281,-0.0127574250913958
"YLR311C",0.00857625884855283,-0.0127169241621057
"YLR312C",0.00857585563920545,0.012682054727366
"YLR312W-A",0.0085735670795324,-0.0126542178695294
"YLR313C",-0.00855967152235948,0.0126276006145526
"YLR319C",-0.00855861434765475,-0.0126193572366108
"YLR320W",-0.00850593469831679,0.0125855551243862
"YLR325C",0.0084671049618767,0.0125155662322964
"YLR327C",0.00840922513657894,0.0125094054585845
"YLR329W",-0.00839689549977048,-0.0124703565974163
"YLR341W",0.00839665508316377,0.0124675766701547
"YLR345W",0.00835143817115035,-0.0124255420220993
"YLR348C",0.00834952403932892,-0.0124075181984845
"YLR350W",0.00834271397512643,0.0123989794001564
"YLR353W",-0.00834136668876814,-0.0123962715850991
"YLR354C",0.00832156787833164,0.0123778075270408
"YLR356W",-0.00830412717027961,0.012333762101926
"YLR357W",-0.00823227410829544,-0.0123039759125649
"YLR360W",-0.00822369908040068,0.0122855499696111
"YLR364W",0.00819282985325667,0.0122112756026921
"YLR366W",-0.00817851954017838,-0.0121774218793735
"YLR367W",0.00817835188575046,0.012171025836778
"YLR372W",0.00817529316052337,0.0120300470482731
"YLR377C",-0.00815877458709648,-0.0120021398531248
"YLR380W",0.0081499468887565,-0.0119505386937345
"YLR381W",-0.00814879892668133,-0.0119354120550924
"YLR384C",0.00813287673723348,-0.0118715382896473
"YLR385C",-0.0081227617088092,-0.0118575743425206
"YLR387C",-0.00810935390229969,0.0118505369226627
"YLR390W",-0.00810859315289691,-0.0118470558171792
"YLR392C",-0.00810344767522192,0.0118200001325688
"YLR393W",-0.00809869301723137,-0.0118074566096722
"YLR395C",0.00809213914847923,-0.0117740710519965
"YLR400W",0.00808294670787821,0.011767048056559
"YLR401C",0.00807253942031773,-0.0117111532397443
"YLR402W",-0.00804214047449555,0.0116877698727053
"YLR404W",0.0080390423455785,-0.0116871013513761
"YLR405W",-0.00803079128627232,0.0116746122443772
"YLR410W",0.00802659634511165,-0.0116561944079604
"YLR413W",-0.00801790729642467,-0.0116276867739763
"YLR415C",-0.00801312054760233,0.0116008114293594
"YLR416C",-0.00799068751286282,0.0115752628631692
"YLR417W",0.00798349020825475,0.0115417635111383
"YLR421C",0.00798265607720362,0.0115265952405489
"YMR074C",-0.00797392483016535,0.0115177657041181
"YOL153C",0.00796407905118498,0.011497955451197
"YOR099W",0.0079545737439033,0.0114331870889217
"YOR100C",-0.00794461974157682,0.0113828355923899
"YOR104W",-0.00794203924752809,0.0113763580770878
"YOR106W",-0.00793588237806172,0.0113198946556874
"YOR107W",-0.00792333141637933,0.011318600471307
"YOR108W",-0.00792199128625647,0.011288810266606
"YOR111W",-0.00787652752943991,0.0112802055514732
"YOR112W",-0.00787465145751741,-0.011187258976917
"YOR113W",0.00784689473324726,-0.011155320544381
"YOR114W",0.00780572027180966,0.0111300142466433
"YOR118W",0.00780127437476022,0.0111123178216276
"YOR121C",-0.0077973211714749,0.0110618489969628
"YOR123C",-0.00779482810419838,-0.0110487359868324
"YOR124C",0.00777291428144458,-0.0110328324178316
"YOR126C",-0.00776942813191704,-0.0109597326723065
"YOR130C",0.00775902750297734,0.0109535116941744
"YOR131C",0.0077493717587581,-0.0108941374401975
"YOR132W",-0.00772143624547712,0.0108566830498548
"YOR133W",0.00769325431820956,0.0108555984721606
"YOR136W",-0.00767234409188921,0.0107690137543212
"YOR137C",0.00767126794203685,-0.010748176565101
"YOR139C",0.00766990810991849,0.0107381427165832
"YOR141C",-0.00763991825484344,0.0107363769754934
"YOR142W",0.00763535274517088,0.0107360094085469
"YOR144C",-0.00761471111491179,0.0107142789119806
"YOR152C",0.00760988577043593,-0.0107029006789467
"YOR153W",0.00760684972782402,-0.0106999880076474
"YOR164C",-0.00758820693674898,0.0106952473973688
"YOR165W",0.00757819056536784,0.0106552828819083
"YOR167C",0.00757270669480211,0.0106476266845556
"YOR173W",-0.00755644719292508,0.0106293104441996
"YOR175C",-0.00755564732196765,-0.0106271240309048
"YOR177C",-0.00748699661807775,0.0106230708608548
"YOR182C",-0.00747248873958441,-0.0106113269867374
"YOR185C",0.00743750682507038,-0.0105921143556461
"YOR187W",0.00743542541217459,-0.0105682940973486
"YOR189W",-0.00742256646534715,0.0105532537190578
"YOR190W",0.00741535477709424,0.0105439687726698
"YOR193W",0.00741206908754516,-0.0105411582537291
"YOR196C",0.0073948386988505,-0.0105304264487288
"YOR198C",0.00739081936676139,0.0105114057603841
"YOR201C",0.00738713482992099,0.0105096691485052
"YOR202W",-0.00738358509587748,-0.0104641973523043
"YOR208W",0.00738186757073344,-0.0104573607127585
"YOR213C",-0.00737937890490534,0.0104406608904653
"YOR214C",-0.00736274186328766,-0.0104246100442527
"YOR216C",-0.00735944241221997,-0.0104153331062663
"YOR220W",0.00735707935204489,-0.0104026505459706
"YOR222W",-0.00735656332508276,0.0103837505521718
"YOR226C",-0.00731002824482097,-0.0103752234481029
"YOR227W",-0.00730310789972502,-0.0102847020815457
"YOR230W",-0.00728410256055085,-0.0102768065299312
"YOR233W",-0.00726616017853028,0.0102612154945092
"YOR234C",-0.00725005900591479,0.0102340218626698
"YOR237W",-0.00724795153472512,0.0102317831968016
"YOR240W",0.00724156593129511,0.0102293476770446
"YOR241W",-0.00723252082734927,0.0101749300030528
"YOR243C",0.00721366231270468,0.0101634446342134
"YOR245C",0.00721227396011836,0.0101569336758794
"YOR246C",-0.00720796813133057,-0.0101315748941548
"YOR247W",-0.00720500455230438,0.0101176292064288
"YOR253W",-0.00718972719998289,-0.0101082873538704
"YOR263C",0.00716480506965961,0.010092088463061
"YOR258W",-0.00715703804766116,0.0100878801327104
"YOR255W",-0.00715485043142931,-0.0100577791019247
"YOR252W",-0.00715297549546543,-0.010054168263892
"YOR251C",-0.00714799558238159,0.010034283002664
"YOR248W",0.00711499728501583,-0.0100283323091819
"YOR242C",0.00710698064489699,0.0100207485904518
"YOR239W",0.00710495174354703,-0.00995802639789881
"YOR238W",-0.00709062339161121,0.00992878952693846
"YOR235W",0.00706304880459767,0.00992168319033282
"YOR231W",-0.00705998005207078,-0.00991529932282052
"YOR229W",0.00705981137581357,-0.00989098866330217
"YOR228C",-0.00704540194142711,0.00985289597841706
"YOR225W",-0.00704051005526273,-0.00984351718367686
"YOR223W",0.00703886253652365,-0.00982755856561047
"YOR221C",-0.00703151950642412,-0.00980157308139035
"YOR219C",0.0070175625015077,-0.00980081531859741
"YOR215C",0.00700104461904032,0.00976347524419111
"YOR212W",0.00699225973659448,-0.00971916434007429
"YOR211C",-0.00699208540541633,-0.00971690488089123
"YOR209C",0.00698919455041805,-0.00968597337664014
"YOR205C",0.00698165430442059,-0.00967530009595695
"YOR200W",0.0068994196569846,0.00967355659014077
"YOR199W",-0.00689495279628211,0.00963261300094963
"YOR197W",0.00688345807637509,0.00961264216610022
"YOR195W",0.00687318872543109,0.00961061858371804
"YOR192C",0.00686809846102806,-0.00960862977708973
"YOR191W",0.00684716806856579,0.00957129069170222
"YOR188W",0.00684412160273977,-0.0095439835705314
"YOR186W",0.00679599703580871,-0.0095200934241592
"YOR184W",0.00676634159095712,0.00949263977546535
"YOR183W",-0.00672389102036064,-0.00948315477023083
"YOR178C",0.00670369530634206,-0.00948151789169483
"YOR172W",0.00670366425607615,0.00948129138009323
"YOR171C",-0.00669263809682164,0.00945674894100371
"YOR170W",-0.00666118081718941,0.00945465541534815
"YOR166C",-0.00666074250578503,0.00942777660797364
"YOR163W",-0.00665978029200949,-0.00941434917748961
"YOR162C",-0.00663000290493966,0.00940644168082713
"YOR161C",-0.00660611645426477,0.00940562690116755
"YOR156C",0.00660201919349808,0.00939283666042797
"YOR155C",-0.0066010142473647,-0.00937552279836422
"YOR154W",0.00659954952572417,-0.00931989391862418
"YOR140W",-0.00656747412475484,0.00924205917183309
"YOR138C",0.00655365006388534,-0.00924117792728511
"YOR135C",-0.00654397818595581,-0.00923432021297326
"YOR134W",-0.00651812233124864,0.00920695985289786
"YOR129C",-0.00648202998768429,-0.00920684046813679
"YOR127W",0.00643941823976464,-0.00920100208512997
"YOR125C",-0.00640331389542876,0.00918210540809226
"YOR120W",0.00639340601016199,-0.00918167828551827
"YOR115C",0.00636584170371988,-0.00914827668282482
"YOR109W",0.00636240905961829,-0.00914521596958154
"YOR105W",-0.00633814874932229,0.00911373459923421
"YOR101W",-0.00633562576808312,0.00907733018911342
"YOR097C",0.00633511685038759,0.00904383366550517
"YOL151W",-0.00631615646043163,0.00901897363891514
"YMR118C",-0.00629195456095345,0.0089393479682329
"YLR451W",0.00628078839261586,0.00892066839106834
"YLR420W",0.00627697982905122,-0.00891071187598245
"YLR418C",-0.00624640102682688,-0.00889156949926864
"YLR414C",-0.0062178810666439,-0.0088470387174958
"YLR412W",-0.00620243680254935,-0.00884555931959601
"YLR408C",-0.00620149586501751,0.00884484459518156
"YLR407W",-0.0061931383045853,0.00883523053675862
"YLR398C",-0.00618375495010105,0.00882988531912327
"YLR396C",-0.00618358019318797,0.00881668145768504
"YLR388W",0.0061766077657753,0.00881610702824846
"YLR386W",-0.00617419137522973,-0.00880634610074765
"YLR376C",-0.00616956966102006,0.00867322194499133
"YLR375W",-0.00615643844185431,-0.00866266746373347
"YLR374C",0.0061551388999595,-0.00863063726446425
"YLR373C",-0.0061522733241902,0.00857026444601851
"YLR371W",0.00612810443402346,0.008558814383677
"YLR368W",0.00612297614516156,-0.0085465773488596
"YLR365W",-0.00611732291451176,0.00853721857944342
"YLR363C",-0.00609959870759072,0.00850276052632807
"YLR362W",0.00608452186644703,-0.00848782087029871
"YLR352W",-0.00607187057804341,0.00848527140822353
"YLR351C",0.00607084154378989,0.0084828863926808
"YLR349W",0.0060442011875224,-0.00845700283028865
"YLR344W",-0.00603872572310101,0.00845538618241646
"YLR342W",0.00601520246513931,-0.00843627969477627
"YLR335W",0.00600090080413863,-0.00842593906249923
"YLR333C",-0.00599492954812093,-0.00841925006568345
"YLR332W",-0.00597635350671313,0.00839651470057462
"YLR331C",-0.00597594187502193,-0.00838924031572589
"YLR330W",-0.00596561510728335,-0.00837222646574137
"YLR328W",0.00596427874231424,0.00836342961622216
"YLR326W",-0.00595837318113989,-0.00835729822712412
"YLR324W",-0.00595430912606229,0.00835556807327803
"YLR322W",0.00590071807941226,0.0083033435348961
"YLR318W",0.00589013182115958,-0.00829928812159978
"YLR315W",0.00587077950353188,0.008288700231045
"YLR309C",0.00586004967851435,-0.00828566011775741
"YLR306W",-0.0058560740185882,0.00827430407316251
"YLR304C",0.00585395391237037,-0.0082660252477244
"YLR300W",-0.00585164836541288,-0.008224873073685
"YLR299W",0.00584116984181938,0.0081832057193885
"YLR296W",0.00584054893641215,0.00810529206272099
"YLR295C",0.00582731951739,0.00807537267031908
"YLR292C",-0.00581530200719342,-0.00806950013385442
"YLR290C",-0.00581177865804601,-0.00806545337726726
"YLR289W",-0.00580824024855839,-0.00806169326712574
"YLR284C",0.0058048909226551,0.00804687534126725
"YLR283W",-0.00580254570529104,0.00802317609734396
"YLR279W",-0.005795148407611,0.00801099769094796
"YLR271W",-0.00579482812103816,-0.00798682282896641
"YLR268W",-0.0057873377678922,-0.00798458943181608
"YLR266C",-0.00578623688878815,0.00797988265189439
"YLR265C",-0.00577936259978491,0.00797321758558651
"YLR264W",0.00576978131229817,0.00792738793080202
"YLR263W",0.00575969463631236,-0.00792228929567157
"YLR260W",-0.00575481053211427,-0.00792176766764659
"YLR258W",-0.00574054172205825,0.00792082762801491
"YLR254C",0.00571744670201857,-0.00790515046585281
"YLR252W",0.00565445894604822,-0.00790188575014963
"YLR251W",0.00564652550281504,0.00785865374977443
"YLR242C",0.00562956668833949,-0.00785311332350854
"YLR239C",-0.00561562677790206,-0.00784734199037695
"YLR238W",-0.00560677673467858,-0.00784475123450098
"YLR233C",-0.00559559732257979,0.00784196493328357
"YLR231C",-0.0055753247182297,0.00782888628378673
"YLR228C",0.00554728688313519,-0.00782147665828017
"YLR227C",-0.00553035780943005,0.00781942156662792
"YLR225C",-0.00551500957559334,-0.00780204008004787
"YLR224W",-0.00550782383453796,0.0077874239562985
"YLR220W",0.00548667876601213,-0.00778226671049486
"YLR219W",-0.00546993272946168,-0.00777727103158226
"YLR216C",0.00546079528400645,-0.00777278270577967
"YLR214W",-0.00543159767848189,-0.00776975573412668
"YLR213C",0.00540682588846863,-0.00776199248672794
"YLR206W",-0.00540299507619643,0.00775668640682131
"YLR204W",-0.00539824083577433,-0.00773319616498678
"YLR203C",0.00539660104697712,0.0077305727833238
"YLR202C",0.00538314053417283,-0.0077204578597891
"YLR200W",-0.00537864512492586,0.00771025954127779
"YLR199C",-0.00535627458634576,0.00770369785529378
"YLR194C",0.00534564900845202,0.00769872072100592
"YLR191W",-0.0053425713128102,0.00769816194343624
"YLR189C",-0.00532047588382123,-0.00769446525806919
"YLR188W",0.00530532104020649,-0.00764667650897989
"YLR184W",0.00528933564808464,0.00763630332259134
"YLR180W",-0.00528902725358735,0.00761015242005714
"YLR179C",0.00527368830399378,-0.00759330365230875
"YLR178C",0.00523930859739191,-0.00758403096482343
"YLR177W",0.00523181589911345,-0.00755654620291992
"YLR173W",0.00520539757908079,0.0075266998263051
"YLR171W",0.00519950631177085,0.00752461476685814
"YLR170C",0.00519008497110846,0.00747462285606849
"YLR164W",-0.00518592653265891,-0.00744764037038521
"YLR152C",0.00518175689428178,0.00742850457537046
"YLR149C",0.00517866014043979,-0.00742122129514688
"YLR142W",0.00517659807384556,0.00742097573573991
"YLR139C",-0.00515915061622673,-0.00741111064384928
"YLR137W",0.00513564161287836,0.00739566063871676
"YLR136C",0.00513340113661882,0.0073779855013637
"YLR135W",-0.00510493259287541,-0.0073072557328473
"YLR131C",0.00509619332918,-0.0072927549397162
"YLR130C",-0.00509524085044698,0.00726219620345003
"YLR126C",0.00509500188142703,-0.00726186576570115
"YLL039C",-0.00509407607646651,0.00723396411550691
"YLL033W",0.00506327482630215,-0.00722196065442398
"YLL032C",0.00506022080164535,0.00720395522984384
"YLL029W",-0.00505866463982097,0.00717507272548726
"YLL028W",0.00505264673577915,-0.00717352798103621
"YLL026W",-0.00503375896106767,-0.00717301940903353
"YLL023C",0.00503225597332282,-0.00717250263883679
"YLL020C",-0.0050316296493565,0.00716874634231504
"YLL019C",0.005003538089975,-0.00712126465783206
"YLL014W",-0.00499503547709746,-0.00711915207743341
"YLL010C",0.00499408710022402,-0.00711550811828389
"YLL009C",-0.00496284687674687,0.00709309143203978
"YLL006W",0.00495694152698774,0.00704940423703921
"YLL005C",0.00495146638923711,-0.00704595528121069
"YLL002W",0.00495113472122962,-0.00704382171749037
"YLL001W",-0.00495047417247765,0.00704199594157449
"YKL190W",-0.00494636988247348,-0.00702956343742173
"YKL188C",0.0049415635058961,0.00702920336298661
"YKL179C",-0.0049386085899747,-0.00702086533662802
"YKL178C",0.00490937697432764,0.00698241422814482
"YKL174C",0.00490410666431667,-0.00697223388916262
"YKL169C",-0.0048685812879862,0.00696706027760662
"YKL167C",0.00486051356512997,0.00696560351956648
"YKL166C",0.00485587630703086,0.0069585521132755
"YKL158W",-0.00483863498049147,-0.00694961949982471
"YKL151C",0.00481907954369381,-0.00694757272087876
"YKL150W",-0.00477173457654466,-0.00693976503571358
"YKL148C",0.0047702290585737,-0.00693785678965837
"YKL147C",0.00476092288908965,0.00692714091781293
"YKL143W",-0.00475389645287322,0.00688777233298404
"YKL142W",0.00475025445548834,-0.00687789958045695
"YKL140W",-0.00474292712566782,0.00686837561252912
"YKL137W",-0.00470411761588182,-0.0068534194351746
"YKL136W",-0.00467997868361222,0.00681920521610506
"YKL135C",0.0046663471666506,-0.00680493449910586
"YKL133C",-0.00465542675337296,0.00679589134079769
"YKL132C",0.00464437268088184,-0.0067813809861713
"YKL130C",-0.00463160388419924,0.00672778661683291
"YKL127W",0.00463153927925881,0.00672370336307948
"YKL124W",0.00462496953555111,-0.00671661907036313
"YKL116C",-0.00462469112410826,0.00671008231997011
"YKL114C",-0.00460867409297026,0.00666059891458756
"YKL110C",0.00458203017282746,-0.00664480129103266
"YKL109W",0.00458184423419897,-0.00664371331649258
"YKL107W",0.00456623146362533,0.00663325641914119
"YKL106W",-0.0045153976246308,0.00661164580790329
"YKL102C",0.0045149243411851,0.00658832718023845
"YKL100C",-0.00450140745875063,-0.00658049026878096
"YKL098W",-0.00449420537232666,-0.00657304573878257
"YKL097C",-0.00446789149012474,0.00653624755646682
"YKL096W",0.00445788259972556,0.00653149096195874
"YKL094W",-0.0044574983541123,-0.00651766231312999
"YKL093W",0.00445415987179552,0.00650174608467331
"YKL092C",0.00445319992989974,-0.00649585993957392
"YKL091C",0.00443567579723603,0.00647040469553586
"YKL084W",0.00443348112878055,0.00646220153981632
"YKL080W",0.00442874073117793,-0.00645239504273595
"YKL077W",0.00439912908237014,-0.00643945633984995
"YKL075C",0.00439486578598186,-0.00643400957930316
"YKL071W",0.00438800620697279,0.00640956336798395
"YKL069W",0.00437969715131597,0.00640514142690742
"YKL067W",-0.00437298911422142,0.00640444103446501
"YKL065C",0.00435845293714969,0.00640244529256617
"YKL064W",-0.00433336388274479,0.00639589006096266
"YKL063C",-0.00432956661723768,-0.00637426269596342
"YKL061W",-0.00432214381998631,0.00636601514344592
"YKL057C",0.00431709534901295,-0.0063353829323152
"YKL056C",-0.00431651649286739,0.00633531410114774
"YKL055C",0.00431648169115531,0.00633264759468288
"YKL053W",0.00430515677209439,0.00632373100231077
"YKL047W",-0.00429859531479711,-0.00628402656679085
"YKL046C",-0.004295129736285,-0.00626497878702359
"YKL041W",0.00428488423894012,-0.00625941053391454
"YKL040C",-0.00426559299853197,-0.00624961878521234
"YKL038W",0.00424754833127501,0.00624677927667374
"YKL037W",0.00424746246645227,-0.00623563332773538
"YKL032C",-0.00424003173639929,0.00618601081702694
"YKL027W",0.00423885627223111,0.00618554323412619
"YKL026C",0.0042005707598566,-0.00614955835086286
"YKL023W",-0.00419620049694753,-0.00613302586917298
"YKL015W",-0.00419256304043352,-0.00613229253626302
"YKL010C",0.0041896566267872,-0.00612310060604897
"YKL009W",0.00418472274810928,-0.00609417748203431
"YKL008C",-0.0041692407238795,0.00608374457153637
"YKL007W",-0.00414523200082201,0.00607877388882483
"YKL006W",-0.0041301431097573,0.00606802423436651
"YKL003C",0.00412936525735225,0.00606158116504019
"YKL002W",-0.00412853085010339,-0.00605883893084025
"YKL001C",0.00412514344947032,0.00604787214970857
"YJL218W",0.00409731599531965,0.00604512024378
"YJL216C",0.00408953955245564,-0.00603943130343055
"YJL211C",0.0040818221737261,0.00601688544597142
"YJL209W",-0.00406439256993012,0.00599777961715094
"YJL208C",0.00406334327612366,0.00599427465205898
"YJL207C",0.00405013780229472,-0.00599343279543701
"YJL204C",0.00403228131473197,-0.00599080813312864
"YJL201W",-0.0040304921433436,-0.00598061196847763
"YJL199C",0.00401179972184265,-0.00596239052852425
"YJL197W",-0.00401174734351021,-0.00595991057055304
"YJL191W",0.00399767094455498,0.00595941567841148
"YJL189W",-0.00398131653794821,-0.00595571851755117
"YJL188C",0.00397688548576648,-0.00593602366400162
"YJL186W",-0.00397501930268785,-0.00590054918952445
"YJL183W",-0.00395591139838411,0.0058824017202205
"YJL182C",-0.00394100698418262,0.00585792313544589
"YJL180C",0.00391899521867249,-0.0058544077783406
"YJL179W",-0.00391859051244522,-0.00584049084013918
"YJL176C",0.00390872084538835,-0.00583363651260896
"YJL170C",-0.00390459429668385,0.00583339967574918
"YJL169W",0.00387944534351563,-0.00580114561679523
"YJL168C",-0.00387458427548158,0.00578066582551067
"YJL165C",0.0038689002934388,0.00577687319215254
"YJL163C",-0.00386794242933386,-0.00576206179685741
"YJL161W",-0.00384943161479807,0.00575112137720696
"YJL158C",-0.00383144982825335,0.00572402887705663
"YJL155C",-0.00380910674236171,0.00571812753420811
"YJL154C",0.00380372247450125,0.00571723503868971
"YJL152W",0.00375768660891019,-0.00568524218258174
"YJL150W",0.00374767821746948,0.00567767447973527
"YJL148W",0.00373580096459327,0.00567669001940819
"YJL147C",0.00372164562331676,-0.00567080120878369
"YJL145W",0.00371424292957189,0.00565026881652283
"YJL144W",0.00370361189357292,-0.00565004851087176
"YJL142C",0.00368401758935873,0.00564172415137354
"YJL139C",-0.00366144570876799,-0.00560604689144124
"YJL138C",0.00366093618774392,-0.0055733587154443
"YJL135W",-0.00365274020541496,0.00556630753198452
"YJL134W",-0.00364780861019759,-0.00553559748086344
"YJL133W",0.00363658241296634,0.00548700750926535
"YJL132W",0.00363616256187962,-0.00548310554468556
"YJL130C",0.00362952337613833,0.00545211080974129
"YJL129C",0.00361177963824598,-0.0054408943705715
"YHR207C",-0.00359400342098924,0.00543436800299996
"YHR203C",0.00358084950777173,0.00542467088042855
"YHR202W",0.00357716589253993,0.0054068667360737
"YHR198C",-0.00356967266060837,-0.00539544338600412
"YHR189W",-0.00354599954664641,0.00537904641406816
"YHR183W",-0.00353879095635612,0.00535862260410996
"YHR177W",-0.00353092972071847,-0.00532051594198627
"YHR160C",-0.00352019072780137,-0.00527278129200195
"YHR159W",-0.00351494162087829,-0.00526937251752452
"YHR158C",0.00350498778653884,-0.00526690827837167
"YHR157W",-0.0034953856079562,0.00525688145307712
"YHR154W",0.00349388127984863,-0.00525551402639098
"YHR153C",-0.00348508899187972,0.00525366453904001
"YHR139C-A",-0.00344594764553109,-0.00524869062026063
"YHR136C",0.00344539322018706,0.00520736590904552
"YHR135C",-0.00344533454189843,0.00520585606547802
"YHR134W",0.00342875415320964,0.00520387309758652
"YHR132C",0.00341505422674189,0.00518643272305664
"YHR129C",-0.00340309818471884,-0.00517948769200805
"YHR126C",0.00339631663374216,-0.0051700410227402
"YHR125W",0.00338713350472142,0.00515654768480309
"YHR124W",0.00338369436576429,0.00515357997694935
"YHR120W",-0.00337272959989873,0.00512386300649203
"YHR113W",0.00336091413472463,0.00509028360565915
"YHR112C",0.00334875105546095,0.0050814823244337
"YHR110W",0.00334548557885771,0.00505675590326656
"YHR109W",-0.00334055282895387,0.00503553627578548
"YHR106W",0.00334038610352495,-0.00503027314713761
"YHR103W",0.00333667333735648,-0.00502287700739636
"YHR100C",-0.00330986391350654,0.00501015062682095
"YHR096C",0.00330217766236132,0.00497858208199595
"YHR092C",0.00328876799927036,0.0049772833871938
"YHR078W",-0.00327340417749654,0.0049745910321619
"YHR077C",-0.00326846236145229,-0.00495855750880205
"YHR073W",0.00323862435626292,0.00494475436083204
"YHR060W",-0.00323324245278167,0.00494418769018855
"YHR057C",-0.0031998768145917,0.00493698209980875
"YHR051W",-0.00319732865562234,0.00493634739153293
"YHR049W",-0.003180976780879,-0.0049320067370909
"YHR046C",-0.00317366822965948,0.00493183599946859
"YHR043C",-0.00317041249864515,0.00490767681849482
"YHR038W",0.00316845369929986,-0.00484867297883204
"YHR022C",0.00313263932369482,-0.004843633572567
"YHR018C",-0.00312959904995293,0.00483941774035058
"YHR014W",0.0031259894561682,0.00482562682313997
"YHR013C",-0.003125748210157,-0.00482321585073409
"YHR012W",-0.00312293296742778,0.00481117568104348
"YHR011W",0.00310642032262065,0.00478698502247478
"YHR001W-A",-0.00309926375664755,0.00478399064224604
"YHL047C",-0.00309656861165707,0.00474177309733255
"YHL046C",-0.00309407798725974,0.004737189079773
"YHL044W",0.00307816226240855,0.00472749443473895
"YHL043W",0.00307442465706392,-0.00472614961630592
"YHL042W",-0.00307325975578276,-0.00472575300800191
"YHL040C",-0.00307091863511682,0.00471787460284398
"YHL038C",-0.00306206899271475,-0.00470142997478918
"YHL037C",-0.00306020986020261,0.00469558392673788
"YHL035C",0.00305571371963082,-0.00469072620109356
"YHL032C",0.0030521788453813,0.00465224572104095
"YHL030W",0.00304848482606705,-0.00465192849646146
"YHL028W",0.00303025332697287,0.00464458924733919
"YHL027W",0.00302034702598191,0.00464206262315787
"YHL026C",0.00301255871025723,0.0046381416338476
"YHL019C",0.00299559441018602,0.00463691754287562
"YHL013C",0.0029840714700247,-0.00460761610856425
"YHL012W",-0.00295758647670078,0.00459949806970672
"YHL009C",-0.0029473390395602,-0.0045929669759296
"YGR214W",0.00293788737435687,0.00458479445673354
"YGR208W",-0.00292905546183287,0.004575160742767
"YGR206W",-0.00292185837372323,-0.00457417205258563
"YGR205W",-0.002913920793463,-0.00456188009749744
"YGR203W",0.00290463956416696,0.00453677064530058
"YGR202C",0.00290212191335381,0.00453431347378996
"YGR200C",-0.00287965106678414,0.00452739982212696
"YGR197C",0.00286592267126922,0.00452244685716551
"YGR196C",-0.00284980805707036,-0.00451475632466691
"YGR187C",-0.00284452367684787,0.00448448845549922
"YGR184C",0.0028193195236837,-0.00448448637556993
"YGR182C",0.00280632452770799,-0.00444404405519118
"YGR181W",0.002795337126235,-0.00444310774725648
"YGR178C",0.00278857211198603,0.00443753033739307
"YGR176W",0.00278771451150181,-0.00443273795463374
"YGR174C",-0.00278475021077738,-0.00443140316740994
"YGR171C",0.0027839591930904,0.00438875024190374
"YGR169C",0.00278105882599479,-0.00438401908828055
"YGR168C",-0.00277373306484583,-0.00438037594225005
"YGR165W",0.00277074231813709,0.00437999010462656
"YGR161C",0.0027669778625129,-0.00435143553295959
"YGR160W",-0.00275388763369076,0.00433384348848444
"YGR159C",-0.00274227125402279,-0.00433372968629732
"YGR148C",0.00274021938610157,0.00432186293058332
"YGR146C",0.00273982408113326,-0.00430774158884746
"YGR143W",0.00269988251739634,-0.00430325026923568
"YGR142W",-0.00269959099784263,-0.00429623562759329
"YGR137W",0.00269819049474084,-0.00429081788034109
"YGR135W",0.00269794847114937,-0.00428417260062001
"YGR132C",-0.00267658673564702,0.00426189687582763
"YGR131W",-0.0026716563491152,0.00424631391199564
"YGR130C",0.00265138834969031,0.00423635362373027
"YGR123C",-0.00264810486767535,0.00423434702950998
"YGR121C",-0.00264241464282299,0.0041977087550644
"YGR112W",0.00263179444291241,0.00418227837978816
"YGR111W",-0.00262940380744178,-0.00414284923656897
"YGR108W",0.00262127376469106,-0.00411294157988319
"YGR102C",-0.00260387197769509,0.00411168674392784
"YGR100W",-0.00259153101535383,-0.00409766754181269
"YGR097W",-0.00254807768255075,-0.00409033881250014
"YGR096W",0.00253936792426079,-0.00406916361302551
"YGR088W",0.00253270596917242,-0.00406258100833444
"YGR085C",-0.00251480968619475,0.00402539120586646
"YGR084C",0.00250872347108263,-0.00401609059736083
"YGR078C",-0.00250722981846815,0.00400056660549996
"YGR077C",-0.00248372957775405,-0.00396791964467242
"YGR076C",0.00247228364513899,-0.00396782292835962
"YGR072W",0.0024694066799233,0.00395753913770003
"YGR069W",0.00246734807786069,0.00395344391000052
"YGR068C",0.00246362975478997,-0.00392519471963713
"YGR067C",-0.00245758525980979,0.00391741888413512
"YGR066C",-0.00245575893089283,0.00391484843117057
"YGR062C",-0.00245030539988203,-0.00391483520043386
"YGR057C",0.00244945777220414,-0.00389999423489019
"YGR056W",-0.00244611183997012,0.00387590225020308
"YGR055W",-0.00244592162373959,-0.00386180755456689
"YGR054W",0.00241756001989275,0.00385006531975913
"YGR051C",0.00241395957610552,-0.0038416357288909
"YGR049W",-0.00241277355070369,0.00382391948521149
"YGR044C",0.00240826221361955,-0.00381947505690088
"YGR043C",-0.00239221946237106,0.00380016206345121
"YGR042W",0.00239018525070924,0.00379006504987841
"YGR036C",0.00238907550789323,0.00374245605290024
"YGR035C",0.00238804373369584,0.00373712916125265
"YGR034W",-0.00238479981111169,-0.00373241533430332
"YGR033C",0.00238378482816856,-0.00373202340538713
"YGR027C",0.00238171409989535,-0.00372693850070617
"YGR026W",0.00237797248027027,0.00372544295455065
"YGR022C",-0.00236919413380826,0.00370064122344883
"YGR021W",0.00235675735879242,0.00368358660177352
"YGR019W",-0.00235035003649457,0.00367374532613717
"YGR018C",-0.00234918718981204,-0.00366979263564205
"YGR017W",-0.0023423583383295,0.00365502989281792
"YGR016W",-0.0023370613817854,0.00364441947955262
"YGR015C",0.00233281907926686,0.00364345480410345
"YGR011W",0.00232687100634883,-0.00362923751193144
"YGR008C",0.00231754807754188,-0.00361510299811875
"YGR007W",-0.00231241934185364,-0.00361324550946173
"YGR004W",-0.00230456552283627,0.00359691668095643
"YGR003W",0.00228703593705984,-0.00356917299235357
"YGL263W",0.0022866800310732,0.00352001756720378
"YGL262W",-0.00224691738917788,0.00351465750898507
"YGL261C",0.00223513199899202,-0.00350072040110687
"YGL260W",0.00223472548436008,0.00349748737644112
"YGL257C",0.00223262654613021,-0.00348776573908518
"YGL256W",0.00222980938798051,0.00348251981240787
"YGL254W",0.00222526694851141,0.00347725586776547
"YGL253W",-0.00221748530862807,0.00345097847185288
"YGL252C",0.00221059353854627,-0.00343200110601584
"YGL250W",-0.00219937650429687,-0.00342792634346212
"YGL249W",-0.00219499525436427,0.00342352557880687
"YGL248W",-0.00218773776040458,0.00341510110141512
"YGL244W",0.00216960703307201,0.0034123118596309
"YGL243W",0.00210687039624167,-0.00341194508371004
"YGL237C",-0.00208968030170203,0.00340905465856692
"YGL236C",0.00208868123281851,-0.00339271538077761
"YGL232W",-0.0020849425007699,0.00338039167140889
"YGL229C",-0.0020807272290812,-0.00334691965596835
"YGL227W",-0.00207303818019207,-0.00332613331724268
"YGL226W",0.00206337064695796,0.00327229707423146
"YGL221C",0.00203177209412461,0.00326086690682134
"YGL218W",-0.00203150132299112,0.00322523383001217
"YGL217C",0.00202620393557323,-0.0032192005840128
"YGL216W",-0.00202271017800476,0.00321918000021488
"YGL213C",-0.00200749236078158,-0.00321289514857071
"YGL211W",0.00200181349808335,0.00320241987941292
"YGL209W",0.00199341186007591,-0.00318849911483228
"YGL205W",-0.00199243303179757,0.00317649346964115
"YGL203C",-0.00198378919647221,0.00316366264036104
"YGL202W",0.00197738589097277,0.00315925266813003
"YGL200C",0.00195667984777724,0.00312052511229731
"YGL199C",0.00194837062566076,0.00311037980446944
"YER087C-A",0.00194507996872509,0.00310519339750028
"YER081W",-0.00194003381552698,-0.00310256957505537
"YER080W",0.00193991753049646,0.00306707825287544
"YER079W",-0.00193076988534935,-0.00305637063712004
"YER073W",-0.00193034063526535,0.00301352286860318
"YER072W",0.00191841293384327,-0.00300921422317535
"YER071C",-0.00191659397004978,0.0030032757741127
"YER069W",-0.00191637989725188,-0.00298458581118322
"YER068W",0.00191173689012484,-0.00297182627327841
"YER068C-A",-0.00190893200426346,-0.00296882192922698
"YER067W",-0.00190760335679641,0.0029449527879218
"YER059W",-0.00190180527935973,0.00290448543801543
"YER058W",0.00189910799318689,0.00290404940938223
"YER057C",0.00188902722361055,-0.00289865923576453
"YER056C-A",-0.00188503456532207,-0.00288974141521136
"YER054C",-0.00187733686624843,-0.00288688312678779
"YER052C",-0.00187254426884404,-0.00288506017877575
"YER051W",-0.00187103726986505,0.00287527061267056
"YER050C",0.0018700383033211,-0.0028576462313638
"YER049W",0.00186038103744998,0.00285646776183932
"YER047C",0.0018601373795091,-0.00282966055233175
"YER045C",-0.00185900538265832,-0.00278332750716667
"YER041W",0.00184523848339435,-0.00277637311795959
"YER039C",0.00184249539943016,0.00276989622028894
"YER035W",-0.00184217599398754,-0.00275527972629283
"YER030W",0.00183305616615952,0.00275226150958968
"YER019W",0.00178262909869809,-0.00274307539361089
"YER019C-A",-0.00178085529002405,-0.00270232990548719
"YER011W",0.0017626472625948,-0.0026975057957631
"YER007C-A",0.00176184968550714,0.00268511767996935
"YER002W",-0.00176144280238427,-0.00265108693945726
"YER001W",-0.0017562154908922,0.00263726241003184
"YEL067C",0.00175347882243413,0.00262943143254909
"YEL066W",-0.00174629689081559,-0.00262322324616663
"YEL061C",-0.00173558643106677,0.00261060661664198
"YEL057C",-0.00172832153313911,-0.00260285359671329
"YEL056W",-0.00172401035568175,0.00259921489634742
"YEL051W",0.00169914373439979,-0.00259906105910781
"YEL050C",0.00167530141116013,-0.00257882286826391
"YEL049W",-0.00167028784437936,0.00257497689160991
"YEL046C",-0.00163190344879226,-0.00255505128965919
"YEL041W",0.00160978366874591,-0.00254572291089001
"YEL039C",0.0015906848479129,-0.00254340466348057
"YEL033W",-0.0015763716418387,0.00253692219466631
"YEL031W",0.00157324575216908,0.00250210648152599
"YEL030W",-0.0015719597952158,-0.00250000513718511
"YEL027W",0.00155385338648916,-0.00249126449107911
"YEL025C",-0.00154032616529574,0.00247493250455979
"YEL023C",0.00153575558507308,-0.00247444966506578
"YEL020C",0.00150817314111323,-0.00247317031182614
"YEL017W",0.00149887253013546,0.00243215761780622
"YEL016C",0.00146919865117867,0.0024161988211206
"YEL014C",0.00145603549956336,0.00241200848513422
"YEL010W",-0.00145005268504922,-0.00240316353106986
"YEL007W",0.00144659944956717,0.00238811530922342
"YEL004W",0.00144429520161338,0.0023848356770411
"YEL001C",-0.00144231683952868,-0.00235599378224506
"YDR433W",-0.00140352308358162,-0.00234756426332963
"YDR431W",0.00139071615473433,-0.00233368451023584
"YDR428C",-0.00138964944812333,-0.00231814705060286
"YDR426C",0.00138572397851479,0.00230892162861282
"YDR425W",0.00137635457872471,0.00229429517370055
"YDR422C",-0.00137326061243544,0.00227959424954757
"YDR421W",-0.00137107219464555,0.00223470658523912
"YDR420W",-0.00136458028630391,-0.00222165598830812
"YDR418W",-0.00135519804101837,0.00220637128854694
"YDR415C",-0.00135320045218485,0.00220165909053064
"YDR414C",0.00135216276732073,0.00218166442585432
"YDR409W",0.00134209592333793,-0.0021649469314278
"YDR393W",-0.00133199240412849,-0.00214276617891126
"YDR392W",0.00130754442490426,-0.00213094444145446
"YDR391C",-0.00130227162204,-0.00212895165444155
"YDR389W",-0.00129849680485523,-0.00212349346012267
"YDR384C",0.00129079913341953,0.00209557614618525
"YDR383C",0.00128966078951091,-0.00208979622078491
"YDR382W",-0.00128195705745511,0.00208325818593857
"YDR379W",0.00127775482660364,-0.00207081135553718
"YDR377W",0.00127188674998506,0.00203842917660721
"YDR374C",0.00125452320621379,0.00203341059376784
"YDR372C",0.00125448174816299,-0.00203063343943435
"YDR369C",-0.00125192160269927,0.00201829655931627
"YDR368W",-0.00124217779125714,0.00201169891223676
"YDR364C",-0.00122855944464342,0.00201072855823305
"YDR352W",-0.00122342936558271,0.00199004649078611
"YDR351W",-0.00121836105739504,0.00198882433922957
"YDR350C",0.00120961521420964,0.00197613749123083
"YDR348C",-0.0012047040645262,-0.00194380237888634
"YDR347W",0.00118810113131383,0.00193988385691748
"YDR345C",-0.00118551333165888,0.00191730818511021
"YDR344C",-0.00118156804413908,-0.00189025501222269
"YDR230W",-0.00117901484460513,0.00188800436734873
"YDR229W",-0.00117658756001494,-0.00185596184861003
"YDR226W",0.001156353866764,0.00185057371033678
"YDR223W",0.00115247034493142,0.00184594817274822
"YDR222W",-0.00114136375117714,0.00184282996276488
"YDR209C",-0.0011400322812326,0.00183204484711499
"YDR207C",-0.0011374135029187,-0.00183034319086835
"YDR206W",-0.00113471322470876,-0.00182901017232017
"YDR204W",-0.00113075178126647,-0.00182649720505047
"YDR203W",0.00111645599567569,0.00182539898787807
"YDR199W",0.00109789156078639,-0.00181102145228442
"YDR198C",-0.00107888010667854,0.00180687445814998
"YDR195W",0.00107510724789272,0.00179913526713826
"YDR191W",-0.00107048254776407,0.00179284712235705
"YDR185C",0.00106325888433797,0.00178825552592153
"YDR184C",-0.00106283425891335,0.00176365259057874
"YDR183W",-0.00104348583333124,-0.00175585084099618
"YDR181C",-0.00103614291453118,-0.00174529495324368
"YDR179W-A",0.00102180079049859,-0.00174477291264603
"YDR179C",0.00100912656705454,-0.00172420408965838
"YDR176W",-0.00100737382785292,0.00171352074382431
"YDR175C",0.00100367606761296,0.00171303587199654
"YDR173C",-0.000997895575444636,-0.00170026883201635
"YDR165W",0.000925775833066526,0.0016910036318506
"YDR163W",0.000923853004533741,-0.00167277224409801
"YDR162C",-0.000919435650205582,-0.00166247455867595
"YDR161W",0.000919232243757518,0.0016519022636363
"YDR159W",-0.000897833075331166,0.00163788706072976
"YDR158W",-0.000872053957175328,-0.0016160533850429
"YDR151C",0.000868045244692247,-0.00158658332619214
"YDR147W",-0.00084550607242395,-0.00156645005630485
"YDR135C",0.000837986976346537,-0.00156017520781505
"YDR134C",-0.000828163471296689,-0.00155607392656163
"YDR132C",-0.000818711998828738,0.00154567409794293
"YDR129C",-0.000818567480935004,0.00153656565075814
"YDR128W",0.000814574223618787,-0.00151270726926518
"YDR124W",-0.000811599327093438,-0.00151265688373138
"YDR123C",-0.000811007137573653,0.00150820654902546
"YDR122W",-0.00078304450024532,0.00148497548025268
"YDR121W",-0.000771207602656083,-0.00147655913896722
"YDR119W",0.000757204865237326,0.00147583360780381
"YDR116C",-0.000757172362387268,0.00147397194595146
"YDR114C",0.000755890186620613,0.00145391550365102
"YDR111C",-0.00075176894910661,0.00144946366641779
"YDR108W",-0.000751488141366821,-0.0014465110663719
"YDR105C",-0.000743748403623651,-0.00144428131759193
"YDR103W",0.00073287171474734,0.00141483758643042
"YDR102C",-0.000730737190943305,-0.0014103177828303
"YDR100W",0.000722714487718714,0.00137834983045451
"YDR099W",0.000706684879784877,-0.0013675028341856
"YDR097C",-0.000705691658503742,-0.00136033670813008
"YDR095C",-0.000705072412266417,0.00135143414993397
"YDR089W",-0.000700645310014694,0.00134447318202999
"YDR083W",-0.000694719807805845,0.00133366877478571
"YDR079W",0.000694440314625179,0.00132428876591527
"YDR075W",0.000691367812906949,0.0013233259515789
"YDR073W",-0.00067549518940748,0.00131388994557502
"YDR068W",-0.000646092335024911,0.00131102538756184
"YDR067C",0.000645362442084019,-0.00130620693306825
"YDR063W",-0.000642103821961691,-0.00130410840301934
"YDR061W",0.000641314713358413,0.00129187650091268
"YDR057W",-0.000632936741653077,-0.00127444213512371
"YDR050C",-0.000623965053383766,-0.00125063293196527
"YCR023C",-0.000616657113334103,0.00124317161401882
"YCR022C",-0.000613445285956826,-0.00121641582085604
"YCR017C",-0.000593180014356291,0.00120235450905112
"YCR014C",0.00058681954807446,0.00118066283782976
"YCR008W",0.000566852922863599,0.00117545914818771
"YCR007C",0.000563651495726627,0.00116902302860338
"YCR006C",0.000554379139342545,-0.00112155749368491
"YCR005C",0.000548620287288199,0.00110585581877898
"YCR003W",0.000537974828525295,-0.00108818362425826
"YCL069W",-0.000534775110876637,-0.00108172197966622
"YCL063W",-0.00053189329958435,0.00105826778446478
"YCL062W",0.000529456836087154,0.00105229454432453
"YCL055W",-0.000523345855200932,0.00105031876747065
"YCL046W",0.000521045140679105,0.00102572784010031
"YCL033C",0.0005149847920328,0.000992327637801585
"YCL030C",0.000509058546032445,-0.000988746764227079
"YCL029C",-0.000507639893731701,-0.000964633675149736
"YCL023C",-0.000503454241312656,0.000960931549922358
"YCL011C",-0.000500670703799297,0.000958586601936824
"YBR266C",0.000491783183532419,0.000947452716186816
"YBR262C",-0.000486160488670431,-0.000942407256335463
"YBR260C",0.000472631379459172,-0.000937889170839285
"YBR244W",0.000471710868887231,-0.000923544230950761
"YBR242W",-0.000469184551446494,0.000916961822358951
"YBR240C",0.000462737213128753,-0.00091002213144845
"YBR239C",-0.000440152624421648,0.000892519057610599
"YBR235W",0.000431102405664298,0.000875566698317494
"YBR229C",-0.000429615088903791,-0.000859877521325135
"YBR226C",-0.000428663161651409,-0.000843582020246132
"YBR222C",0.000418139852277041,0.000835221644039272
"YBR217W",0.000414863162467677,-0.000818797295398714
"YBR214W",-0.000401446446585959,0.000816070765036498
"YBR213W",0.00035856520017348,-0.000809655182518463
"YBR208C",-0.000358343283391535,0.000751471741580483
"YBR203W",0.000356299761125756,0.000710852905819566
"YBR199W",-0.000351921984739572,0.000704919234248923
"YBR197C",0.000345953915009648,-0.000691127741319487
"YBR194W",0.000339802183229228,0.00067581863421829
"YBR188C",-0.00032569983989938,0.000665569344211467
"YBR183W",-0.00032298858315168,-0.000617279856631949
"YBR182C",0.00032218590144575,-0.0006156728304578
"YBR181C",-0.000306597143067812,0.000613172734797762
"YAR040C",0.000302571664531678,0.000610188642248343
"YAR031W",0.000289375528043365,0.000604601464048508
"YAR029W",0.000281857272301229,-0.000601839664300576
"YAR028W",-0.000273147896810021,0.00059573160511847
"YAR020C",-0.00026114896136436,0.000586767819136916
"YAR014C",0.000251747922983206,-0.000574415427432511
"YAL065C",-0.000250219256654696,-0.000570630376185715
"YAL062W",0.000241160117962646,0.000569068368083189
"YAL060W",-0.000239722173047463,-0.000556146153473808
"YAL059W",0.000226285200337232,0.00054878608095651
"YAL058W",-0.000210105781057265,-0.00050331698684339
"YAL053W",0.000205731155326098,-0.00050045754126484
"YAL049C",0.00020121171522406,0.0004959470068489
"YAL044C",-0.000195366942928537,0.000458438713853554
"YAL043C-a",-0.000187889065434212,0.000450897135191482
"YAL039C",0.000180845689687731,-0.000445836713550619
"YAL036C",0.000177700662471321,0.000392899843421556
"YAL035W",-0.000168663061555178,-0.00038806432378577
"YAL030W",0.000160781121228353,0.000353117011336682
"YAL029C",-0.000142788396249643,-0.000347792322430903
"YAL028W",-0.000117947122749801,0.000337425452959404
"YAL027W",9.81626695509396e-05,0.000316105682061752
"YAL023C",-9.55012880314777e-05,-0.000305109999329544
"YAL022C",9.424691691641e-05,0.000294844709331228
"YAL021C",8.91930364239684e-05,0.000260981215323529
"YAL020C",-8.61411623254256e-05,-0.000258668526285548
"YAL018C",-8.56196104102713e-05,-0.000253997446776382
"YAL017W",6.85701265085039e-05,0.000252855466408343
"YAL015C",-6.21244102242113e-05,0.00022081856299942
"YAL014C",-5.40131146136783e-05,0.000215270763944753
"YAL013W",-5.39029325336439e-05,-0.000198745630867196
"YAL011W",-1.66790218022265e-05,-0.000135348028330834
"YAL010C",1.58651345849471e-05,0.000123261594534305
"YAL009W",1.57946304527793e-05,-0.000103008204369347
"YAL008W",9.9256132898342e-06,9.99026085299194e-05
"YAL007C",-9.66013997776737e-06,4.32524310839921e-05
"YAL005C",5.94163744379666e-06,4.14780209385302e-05
"YAL004W",3.84309519119047e-06,2.52315983146422e-05
"YAL002W",-3.08211628070337e-06,-1.77873731154523e-05
